
/*genre*/
INSERT INTO `genres` (`genre`) VALUES ('Action');
INSERT INTO `genres` (`genre`) VALUES ('Adventure');
INSERT INTO `genres` (`genre`) VALUES ('Animation');
INSERT INTO `genres` (`genre`) VALUES ('Biography');
INSERT INTO `genres` (`genre`) VALUES ('Comedy');
INSERT INTO `genres` (`genre`) VALUES ('Crime');
INSERT INTO `genres` (`genre`) VALUES ('Drama');
INSERT INTO `genres` (`genre`) VALUES ('Fantasy');
INSERT INTO `genres` (`genre`) VALUES ('History');
INSERT INTO `genres` (`genre`) VALUES ('Horror');
INSERT INTO `genres` (`genre`) VALUES ('Music');
INSERT INTO `genres` (`genre`) VALUES ('Mystery');
INSERT INTO `genres` (`genre`) VALUES ('Romance');
INSERT INTO `genres` (`genre`) VALUES ('Sci-Fi');
INSERT INTO `genres` (`genre`) VALUES ('Thriller');
INSERT INTO `genres` (`genre`) VALUES ('War');
INSERT INTO `genres` (`genre`) VALUES ('Western');

/*movies*/
INSERT INTO `movies` (`id`,`title`,`year`,`image`,`fav`) VALUES (1,'The Shawshank Redemption',1994,'img/shawshank.jpg',0);
INSERT INTO `movies` (`id`,`title`,`year`,`image`,`fav`) VALUES (2,'The Godfather',1972,'img/theGodFather.jpg',0);
INSERT INTO `movies` (`id`,`title`,`year`,`image`,`fav`) VALUES (3,'The Dark Knight',2008,'img/theDarkNight.jpg',0);
INSERT INTO `movies` (`id`,`title`,`year`,`image`,`fav`) VALUES (4,'Pulp Fiction',1994,'img/pulpFiction.jpg',0);
INSERT INTO `movies` (`id`,`title`,`year`,`image`,`fav`) VALUES (5,'The Lord of the Rings: The Return of the King',2003,'img/TheLordoftheRingsTheReturnoftheKing.jpg',1);
INSERT INTO `movies` (`id`,`title`,`year`,`image`,`fav`) VALUES (6,'Forrest Gump',1994,'img/forrest_Gump.png',0);
INSERT INTO `movies` (`id`,`title`,`year`,`image`,`fav`) VALUES (7,'Inception',2010,'img/inception.jpg',0);
INSERT INTO `movies` (`id`,`title`,`year`,`image`,`fav`) VALUES (8,'Fight Club',1999,'img/fightclub.jpg',0);
INSERT INTO `movies` (`id`,`title`,`year`,`image`,`fav`) VALUES (9,'The Matrix',1999,'img/theMatrix.jpg',0);
INSERT INTO `movies` (`id`,`title`,`year`,`image`,`fav`) VALUES (10,'The Empire Strikes Back',1980,'img/theEmpireStrikesBack.jpg',0);
INSERT INTO `movies` (`id`,`title`,`year`,`image`,`fav`) VALUES (11,'The Lion King',1994,'img/theLionKing.jpg',1);
INSERT INTO `movies` (`id`,`title`,`year`,`image`,`fav`) VALUES (12,'The Godfather: Part II',1974,'img/theGodFather2.jpg',0);
INSERT INTO `movies` (`id`,`title`,`year`,`image`,`fav`) VALUES (13,'The Good, the Bad and the Ugly',1966,'img/theGoodTheBad.jpg',0);
INSERT INTO `movies` (`id`,`title`,`year`,`image`,`fav`) VALUES (14,'Schindlers List',1993,'img/SchindlersList.jpg',0);
INSERT INTO `movies` (`id`,`title`,`year`,`image`,`fav`) VALUES (15,'Casablanca',1942,'img/casablanca.jpg',0);
INSERT INTO `movies` (`id`,`title`,`year`,`image`,`fav`) VALUES (16,'Citizen Kane',1941,'img/citizenKane.jpg',0);
INSERT INTO `movies` (`id`,`title`,`year`,`image`,`fav`) VALUES (17,'Gone with the Wind',1939,'img/goneWithTheWind.jpg',0);
INSERT INTO `movies` (`id`,`title`,`year`,`image`,`fav`) VALUES (18,'One Flew Over the Cuckoos Nest',1975,'img/oneFlewOverTheCuckoosNest.jpg',0);
INSERT INTO `movies` (`id`,`title`,`year`,`image`,`fav`) VALUES (19,'Goodfellas',1990,'img/Goodfellas.jpg',1);
INSERT INTO `movies` (`id`,`title`,`year`,`image`,`fav`) VALUES (20,'The Prestige',2006,'img/thePrestige.jpg',0);
INSERT INTO `movies` (`id`,`title`,`year`,`image`,`fav`) VALUES (21,'The Departed',2006,'img/theDeparted.jpg',0);
INSERT INTO `movies` (`id`,`title`,`year`,`image`,`fav`) VALUES (22,'The Green Mile',1999,'img/theGreenMile.jpg',0);
INSERT INTO `movies` (`id`,`title`,`year`,`image`,`fav`) VALUES (23,'Interstellar',2014,'img/interstellar.jpg',0);
INSERT INTO `movies` (`id`,`title`,`year`,`image`,`fav`) VALUES (24,'The Silence of the Lambs',1991,'img/theSilenceOfTheLamps.jpg',0);
INSERT INTO `movies` (`id`,`title`,`year`,`image`,`fav`) VALUES (25,'Se7en',1995,'img/seven.jpg',0);
INSERT INTO `movies` (`id`,`title`,`year`,`image`,`fav`) VALUES (26,'Gladiator',2000,'img/gladiator.jpg',0);
INSERT INTO `movies` (`id`,`title`,`year`,`image`,`fav`) VALUES (27,'The Dark Knight Rises',2012,'img/theDarkNightRises.jpg',0);
INSERT INTO `movies` (`id`,`title`,`year`,`image`,`fav`) VALUES (28,'The Shining',1980,'img/theShining.jpg',0);
INSERT INTO `movies` (`id`,`title`,`year`,`image`,`fav`) VALUES (29,'12 Angry Men',1957,'img/12angryMan.jpg',0);
INSERT INTO `movies` (`id`,`title`,`year`,`image`,`fav`) VALUES (30,'The Pianist',2002,'img/thePianist.jpg',0);
INSERT INTO `movies` (`id`,`title`,`year`,`image`,`fav`) VALUES (31,'The Usual Suspects',1995,'img/theUsualSuspects.jpg',0);
INSERT INTO `movies` (`id`,`title`,`year`,`image`,`fav`) VALUES (32,'The Social Network',2010,'img/theSocialNetwork.jpeg',0);
INSERT INTO `movies` (`id`,`title`,`year`,`image`,`fav`) VALUES (33,'Whiplash',2014,'img/whiplash.jpg',0);
INSERT INTO `movies` (`id`,`title`,`year`,`image`,`fav`) VALUES (34,'A Beautiful Mind',2001,'img/aBeautifulMind.jpg',0);
INSERT INTO `movies` (`id`,`title`,`year`,`image`,`fav`) VALUES (35,'The Revenant',2015,'img/theRevent.jpg',0);
INSERT INTO `movies` (`id`,`title`,`year`,`image`,`fav`) VALUES (36,'The Intouchables',2011,'img/TheIntouchables.jpg',0);
INSERT INTO `movies` (`id`,`title`,`year`,`image`,`fav`) VALUES (37,'Saving Private Ryan',1998,'img/savingPrivateRyan.jpg',0);
INSERT INTO `movies` (`id`,`title`,`year`,`image`,`fav`) VALUES (38,'The Great Gatsby',2013,'img/greatGatsby.jpg',0);
INSERT INTO `movies` (`id`,`title`,`year`,`image`,`fav`) VALUES (39,'The Truman Show',1998,'img/theTrumanShow.jpg',0);

/*movie genres*/
INSERT INTO `movie_genres` (`id_movie`,`id_genre`) VALUES (3,'Action');
INSERT INTO `movie_genres` (`id_movie`,`id_genre`) VALUES (5,'Action');
INSERT INTO `movie_genres` (`id_movie`,`id_genre`) VALUES (7,'Action');
INSERT INTO `movie_genres` (`id_movie`,`id_genre`) VALUES (9,'Action');
INSERT INTO `movie_genres` (`id_movie`,`id_genre`) VALUES (10,'Action');
INSERT INTO `movie_genres` (`id_movie`,`id_genre`) VALUES (26,'Action');
INSERT INTO `movie_genres` (`id_movie`,`id_genre`) VALUES (27,'Action');
INSERT INTO `movie_genres` (`id_movie`,`id_genre`) VALUES (5,'Adventure');
INSERT INTO `movie_genres` (`id_movie`,`id_genre`) VALUES (7,'Adventure');
INSERT INTO `movie_genres` (`id_movie`,`id_genre`) VALUES (10,'Adventure');
INSERT INTO `movie_genres` (`id_movie`,`id_genre`) VALUES (11,'Adventure');
INSERT INTO `movie_genres` (`id_movie`,`id_genre`) VALUES (23,'Adventure');
INSERT INTO `movie_genres` (`id_movie`,`id_genre`) VALUES (26,'Adventure');
INSERT INTO `movie_genres` (`id_movie`,`id_genre`) VALUES (35,'Adventure');
INSERT INTO `movie_genres` (`id_movie`,`id_genre`) VALUES (11,'Animation');
INSERT INTO `movie_genres` (`id_movie`,`id_genre`) VALUES (14,'Biography');
INSERT INTO `movie_genres` (`id_movie`,`id_genre`) VALUES (19,'Biography');
INSERT INTO `movie_genres` (`id_movie`,`id_genre`) VALUES (30,'Biography');
INSERT INTO `movie_genres` (`id_movie`,`id_genre`) VALUES (32,'Biography');
INSERT INTO `movie_genres` (`id_movie`,`id_genre`) VALUES (34,'Biography');
INSERT INTO `movie_genres` (`id_movie`,`id_genre`) VALUES (36,'Biography');
INSERT INTO `movie_genres` (`id_movie`,`id_genre`) VALUES (36,'Comedy');
INSERT INTO `movie_genres` (`id_movie`,`id_genre`) VALUES (39,'Comedy');
INSERT INTO `movie_genres` (`id_movie`,`id_genre`) VALUES (2,'Crime');
INSERT INTO `movie_genres` (`id_movie`,`id_genre`) VALUES (3,'Crime');
INSERT INTO `movie_genres` (`id_movie`,`id_genre`) VALUES (4,'Crime');
INSERT INTO `movie_genres` (`id_movie`,`id_genre`) VALUES (12,'Crime');
INSERT INTO `movie_genres` (`id_movie`,`id_genre`) VALUES (19,'Crime');
INSERT INTO `movie_genres` (`id_movie`,`id_genre`) VALUES (21,'Crime');
INSERT INTO `movie_genres` (`id_movie`,`id_genre`) VALUES (22,'Crime');
INSERT INTO `movie_genres` (`id_movie`,`id_genre`) VALUES (24,'Crime');
INSERT INTO `movie_genres` (`id_movie`,`id_genre`) VALUES (25,'Crime');
INSERT INTO `movie_genres` (`id_movie`,`id_genre`) VALUES (31,'Crime');
INSERT INTO `movie_genres` (`id_movie`,`id_genre`) VALUES (1,'Drama');
INSERT INTO `movie_genres` (`id_movie`,`id_genre`) VALUES (2,'Drama');
INSERT INTO `movie_genres` (`id_movie`,`id_genre`) VALUES (3,'Drama');
INSERT INTO `movie_genres` (`id_movie`,`id_genre`) VALUES (4,'Drama');
INSERT INTO `movie_genres` (`id_movie`,`id_genre`) VALUES (5,'Drama');
INSERT INTO `movie_genres` (`id_movie`,`id_genre`) VALUES (6,'Drama');
INSERT INTO `movie_genres` (`id_movie`,`id_genre`) VALUES (8,'Drama');
INSERT INTO `movie_genres` (`id_movie`,`id_genre`) VALUES (11,'Drama');
INSERT INTO `movie_genres` (`id_movie`,`id_genre`) VALUES (12,'Drama');
INSERT INTO `movie_genres` (`id_movie`,`id_genre`) VALUES (13,'Drama');
INSERT INTO `movie_genres` (`id_movie`,`id_genre`) VALUES (14,'Drama');
INSERT INTO `movie_genres` (`id_movie`,`id_genre`) VALUES (15,'Drama');
INSERT INTO `movie_genres` (`id_movie`,`id_genre`) VALUES (16,'Drama');
INSERT INTO `movie_genres` (`id_movie`,`id_genre`) VALUES (17,'Drama');
INSERT INTO `movie_genres` (`id_movie`,`id_genre`) VALUES (18,'Drama');
INSERT INTO `movie_genres` (`id_movie`,`id_genre`) VALUES (19,'Drama');
INSERT INTO `movie_genres` (`id_movie`,`id_genre`) VALUES (20,'Drama');
INSERT INTO `movie_genres` (`id_movie`,`id_genre`) VALUES (21,'Drama');
INSERT INTO `movie_genres` (`id_movie`,`id_genre`) VALUES (22,'Drama');
INSERT INTO `movie_genres` (`id_movie`,`id_genre`) VALUES (23,'Drama');
INSERT INTO `movie_genres` (`id_movie`,`id_genre`) VALUES (24,'Drama');
INSERT INTO `movie_genres` (`id_movie`,`id_genre`) VALUES (25,'Drama');
INSERT INTO `movie_genres` (`id_movie`,`id_genre`) VALUES (26,'Drama');
INSERT INTO `movie_genres` (`id_movie`,`id_genre`) VALUES (27,'Drama');
INSERT INTO `movie_genres` (`id_movie`,`id_genre`) VALUES (28,'Drama');
INSERT INTO `movie_genres` (`id_movie`,`id_genre`) VALUES (29,'Drama');
INSERT INTO `movie_genres` (`id_movie`,`id_genre`) VALUES (30,'Drama');
INSERT INTO `movie_genres` (`id_movie`,`id_genre`) VALUES (31,'Drama');
INSERT INTO `movie_genres` (`id_movie`,`id_genre`) VALUES (32,'Drama');
INSERT INTO `movie_genres` (`id_movie`,`id_genre`) VALUES (33,'Drama');
INSERT INTO `movie_genres` (`id_movie`,`id_genre`) VALUES (34,'Drama');
INSERT INTO `movie_genres` (`id_movie`,`id_genre`) VALUES (35,'Drama');
INSERT INTO `movie_genres` (`id_movie`,`id_genre`) VALUES (36,'Drama');
INSERT INTO `movie_genres` (`id_movie`,`id_genre`) VALUES (37,'Drama');
INSERT INTO `movie_genres` (`id_movie`,`id_genre`) VALUES (38,'Drama');
INSERT INTO `movie_genres` (`id_movie`,`id_genre`) VALUES (39,'Drama');
INSERT INTO `movie_genres` (`id_movie`,`id_genre`) VALUES (10,'Fantasy');
INSERT INTO `movie_genres` (`id_movie`,`id_genre`) VALUES (22,'Fantasy');
INSERT INTO `movie_genres` (`id_movie`,`id_genre`) VALUES (14,'History');
INSERT INTO `movie_genres` (`id_movie`,`id_genre`) VALUES (17,'History');
INSERT INTO `movie_genres` (`id_movie`,`id_genre`) VALUES (28,'Horror');
INSERT INTO `movie_genres` (`id_movie`,`id_genre`) VALUES (30,'Music');
INSERT INTO `movie_genres` (`id_movie`,`id_genre`) VALUES (33,'Music');
INSERT INTO `movie_genres` (`id_movie`,`id_genre`) VALUES (16,'Mystery');
INSERT INTO `movie_genres` (`id_movie`,`id_genre`) VALUES (20,'Mystery');
INSERT INTO `movie_genres` (`id_movie`,`id_genre`) VALUES (25,'Mystery');
INSERT INTO `movie_genres` (`id_movie`,`id_genre`) VALUES (31,'Mystery');
INSERT INTO `movie_genres` (`id_movie`,`id_genre`) VALUES (6,'Romance');
INSERT INTO `movie_genres` (`id_movie`,`id_genre`) VALUES (15,'Romance');
INSERT INTO `movie_genres` (`id_movie`,`id_genre`) VALUES (17,'Romance');
INSERT INTO `movie_genres` (`id_movie`,`id_genre`) VALUES (38,'Romance');
INSERT INTO `movie_genres` (`id_movie`,`id_genre`) VALUES (7,'Sci-Fi');
INSERT INTO `movie_genres` (`id_movie`,`id_genre`) VALUES (9,'Sci-Fi');
INSERT INTO `movie_genres` (`id_movie`,`id_genre`) VALUES (20,'Sci-Fi');
INSERT INTO `movie_genres` (`id_movie`,`id_genre`) VALUES (23,'Sci-Fi');
INSERT INTO `movie_genres` (`id_movie`,`id_genre`) VALUES (39,'Sci-Fi');
INSERT INTO `movie_genres` (`id_movie`,`id_genre`) VALUES (21,'Thriller');
INSERT INTO `movie_genres` (`id_movie`,`id_genre`) VALUES (24,'Thriller');
INSERT INTO `movie_genres` (`id_movie`,`id_genre`) VALUES (27,'Thriller');
INSERT INTO `movie_genres` (`id_movie`,`id_genre`) VALUES (35,'Thriller');
INSERT INTO `movie_genres` (`id_movie`,`id_genre`) VALUES (15,'War');
INSERT INTO `movie_genres` (`id_movie`,`id_genre`) VALUES (37,'War');
INSERT INTO `movie_genres` (`id_movie`,`id_genre`) VALUES (13,'Western');

/*menu*/
INSERT INTO `menu` (`menuitem`) VALUES ('Adventure');
INSERT INTO `menu` (`menuitem`) VALUES ('Biography');
INSERT INTO `menu` (`menuitem`) VALUES ('Crime');
INSERT INTO `menu` (`menuitem`) VALUES ('Drama');